REM INSERTING into MATCHING.TAB_ORDER
SET DEFINE OFF;
Insert into MATCHING.TAB_ORDER (ID) values (1);
Insert into MATCHING.TAB_ORDER (ID) values (2);
Insert into MATCHING.TAB_ORDER (ID) values (3);
Insert into MATCHING.TAB_ORDER (ID) values (4);
Insert into MATCHING.TAB_ORDER (ID) values (5);

REM INSERTING into MATCHING.TAB_ORDER_REQUIREMENT
SET DEFINE OFF;
Insert into MATCHING.TAB_ORDER_REQUIREMENT (ORDER_ID,SUBTYPE,MUST,IMPORTANCE) values (1,1,0,3);
Insert into MATCHING.TAB_ORDER_REQUIREMENT (ORDER_ID,SUBTYPE,MUST,IMPORTANCE) values (1,2,1,6);
Insert into MATCHING.TAB_ORDER_REQUIREMENT (ORDER_ID,SUBTYPE,MUST,IMPORTANCE) values (1,3,0,9);
Insert into MATCHING.TAB_ORDER_REQUIREMENT (ORDER_ID,SUBTYPE,MUST,IMPORTANCE) values (2,4,1,3);
Insert into MATCHING.TAB_ORDER_REQUIREMENT (ORDER_ID,SUBTYPE,MUST,IMPORTANCE) values (2,5,0,6);
Insert into MATCHING.TAB_ORDER_REQUIREMENT (ORDER_ID,SUBTYPE,MUST,IMPORTANCE) values (2,6,1,9);
Insert into MATCHING.TAB_ORDER_REQUIREMENT (ORDER_ID,SUBTYPE,MUST,IMPORTANCE) values (3,7,0,3);
Insert into MATCHING.TAB_ORDER_REQUIREMENT (ORDER_ID,SUBTYPE,MUST,IMPORTANCE) values (3,8,1,6);
Insert into MATCHING.TAB_ORDER_REQUIREMENT (ORDER_ID,SUBTYPE,MUST,IMPORTANCE) values (3,9,0,9);
Insert into MATCHING.TAB_ORDER_REQUIREMENT (ORDER_ID,SUBTYPE,MUST,IMPORTANCE) values (4,10,1,3);
Insert into MATCHING.TAB_ORDER_REQUIREMENT (ORDER_ID,SUBTYPE,MUST,IMPORTANCE) values (4,1,0,6);
Insert into MATCHING.TAB_ORDER_REQUIREMENT (ORDER_ID,SUBTYPE,MUST,IMPORTANCE) values (4,2,1,9);
Insert into MATCHING.TAB_ORDER_REQUIREMENT (ORDER_ID,SUBTYPE,MUST,IMPORTANCE) values (5,3,0,3);
Insert into MATCHING.TAB_ORDER_REQUIREMENT (ORDER_ID,SUBTYPE,MUST,IMPORTANCE) values (5,4,1,6);
Insert into MATCHING.TAB_ORDER_REQUIREMENT (ORDER_ID,SUBTYPE,MUST,IMPORTANCE) values (5,5,0,9);

REM INSERTING into MATCHING.TAB_SUBTYPE
SET DEFINE OFF;
Insert into MATCHING.TAB_SUBTYPE (ID,DESCRIPTION) values (1,'就寝');
Insert into MATCHING.TAB_SUBTYPE (ID,DESCRIPTION) values (2,'特殊機器用電源(三相AC200V)');
Insert into MATCHING.TAB_SUBTYPE (ID,DESCRIPTION) values (3,'着替え');
Insert into MATCHING.TAB_SUBTYPE (ID,DESCRIPTION) values (4,'特殊機器用電源(単相AC200V)');
Insert into MATCHING.TAB_SUBTYPE (ID,DESCRIPTION) values (5,'物資の運搬');
Insert into MATCHING.TAB_SUBTYPE (ID,DESCRIPTION) values (6,'一般家庭用電源(AC100V) 外部給電器あり');
Insert into MATCHING.TAB_SUBTYPE (ID,DESCRIPTION) values (7,'特殊機器用電源(三相AC200V) 電力結合器 あり');
Insert into MATCHING.TAB_SUBTYPE (ID,DESCRIPTION) values (8,'一般家庭用電源(AC100V)');
Insert into MATCHING.TAB_SUBTYPE (ID,DESCRIPTION) values (9,'トイレ');
Insert into MATCHING.TAB_SUBTYPE (ID,DESCRIPTION) values (10,'調理');

REM INSERTING into MATCHING.TAB_VEHICLE
SET DEFINE OFF;
Insert into MATCHING.TAB_VEHICLE (ID) values (1);
Insert into MATCHING.TAB_VEHICLE (ID) values (2);
Insert into MATCHING.TAB_VEHICLE (ID) values (3);
Insert into MATCHING.TAB_VEHICLE (ID) values (4);
Insert into MATCHING.TAB_VEHICLE (ID) values (5);

REM INSERTING into MATCHING.TAB_VEHICLE_CAPABILITY
SET DEFINE OFF;
Insert into MATCHING.TAB_VEHICLE_CAPABILITY (VEHICLE_ID,SUBTYPE,DEGREE) values (1,1,1);
Insert into MATCHING.TAB_VEHICLE_CAPABILITY (VEHICLE_ID,SUBTYPE,DEGREE) values (1,2,1);
Insert into MATCHING.TAB_VEHICLE_CAPABILITY (VEHICLE_ID,SUBTYPE,DEGREE) values (1,3,1);
Insert into MATCHING.TAB_VEHICLE_CAPABILITY (VEHICLE_ID,SUBTYPE,DEGREE) values (2,4,1);
Insert into MATCHING.TAB_VEHICLE_CAPABILITY (VEHICLE_ID,SUBTYPE,DEGREE) values (2,5,1);
Insert into MATCHING.TAB_VEHICLE_CAPABILITY (VEHICLE_ID,SUBTYPE,DEGREE) values (2,6,1);
Insert into MATCHING.TAB_VEHICLE_CAPABILITY (VEHICLE_ID,SUBTYPE,DEGREE) values (3,7,1);
Insert into MATCHING.TAB_VEHICLE_CAPABILITY (VEHICLE_ID,SUBTYPE,DEGREE) values (3,8,1);
Insert into MATCHING.TAB_VEHICLE_CAPABILITY (VEHICLE_ID,SUBTYPE,DEGREE) values (3,9,1);
Insert into MATCHING.TAB_VEHICLE_CAPABILITY (VEHICLE_ID,SUBTYPE,DEGREE) values (4,10,1);
Insert into MATCHING.TAB_VEHICLE_CAPABILITY (VEHICLE_ID,SUBTYPE,DEGREE) values (4,1,1);
Insert into MATCHING.TAB_VEHICLE_CAPABILITY (VEHICLE_ID,SUBTYPE,DEGREE) values (4,2,1);
Insert into MATCHING.TAB_VEHICLE_CAPABILITY (VEHICLE_ID,SUBTYPE,DEGREE) values (5,3,1);
Insert into MATCHING.TAB_VEHICLE_CAPABILITY (VEHICLE_ID,SUBTYPE,DEGREE) values (5,4,1);
Insert into MATCHING.TAB_VEHICLE_CAPABILITY (VEHICLE_ID,SUBTYPE,DEGREE) values (5,5,1);

