TRUNCATE TABLE TAB_ORDER;
TRUNCATE TABLE TAB_ORDER_REQUIREMENT;
TRUNCATE TABLE TAB_EQUIPMENT;
TRUNCATE TABLE TAB_VEHICLE;
TRUNCATE TABLE TAB_VEHICLE_CAPABILITY;

REM INSERTING into MATCHING.TAB_ORDER
SET DEFINE OFF;
INSERT INTO MATCHING.TAB_ORDER (ID) VALUES (1);
INSERT INTO MATCHING.TAB_ORDER (ID) VALUES (2);
INSERT INTO MATCHING.TAB_ORDER (ID) VALUES (3);
INSERT INTO MATCHING.TAB_ORDER (ID) VALUES (4);
INSERT INTO MATCHING.TAB_ORDER (ID) VALUES (5);

REM INSERTING into MATCHING.TAB_ORDER_REQUIREMENT
SET DEFINE OFF;
INSERT INTO MATCHING.TAB_ORDER_REQUIREMENT (ORDER_ID,EQUIPMENT,MUST,IMPORTANCE) VALUES (1,1,0,3);
INSERT INTO MATCHING.TAB_ORDER_REQUIREMENT (ORDER_ID,EQUIPMENT,MUST,IMPORTANCE) VALUES (1,2,1,6);
INSERT INTO MATCHING.TAB_ORDER_REQUIREMENT (ORDER_ID,EQUIPMENT,MUST,IMPORTANCE) VALUES (1,3,0,9);
INSERT INTO MATCHING.TAB_ORDER_REQUIREMENT (ORDER_ID,EQUIPMENT,MUST,IMPORTANCE) VALUES (2,4,1,3);
INSERT INTO MATCHING.TAB_ORDER_REQUIREMENT (ORDER_ID,EQUIPMENT,MUST,IMPORTANCE) VALUES (2,5,0,6);
INSERT INTO MATCHING.TAB_ORDER_REQUIREMENT (ORDER_ID,EQUIPMENT,MUST,IMPORTANCE) VALUES (2,6,1,9);
INSERT INTO MATCHING.TAB_ORDER_REQUIREMENT (ORDER_ID,EQUIPMENT,MUST,IMPORTANCE) VALUES (3,7,0,3);
INSERT INTO MATCHING.TAB_ORDER_REQUIREMENT (ORDER_ID,EQUIPMENT,MUST,IMPORTANCE) VALUES (3,8,1,6);
INSERT INTO MATCHING.TAB_ORDER_REQUIREMENT (ORDER_ID,EQUIPMENT,MUST,IMPORTANCE) VALUES (3,9,0,9);
INSERT INTO MATCHING.TAB_ORDER_REQUIREMENT (ORDER_ID,EQUIPMENT,MUST,IMPORTANCE) VALUES (4,10,1,3);
INSERT INTO MATCHING.TAB_ORDER_REQUIREMENT (ORDER_ID,EQUIPMENT,MUST,IMPORTANCE) VALUES (4,1,0,6);
INSERT INTO MATCHING.TAB_ORDER_REQUIREMENT (ORDER_ID,EQUIPMENT,MUST,IMPORTANCE) VALUES (4,2,1,9);
INSERT INTO MATCHING.TAB_ORDER_REQUIREMENT (ORDER_ID,EQUIPMENT,MUST,IMPORTANCE) VALUES (5,3,0,3);
INSERT INTO MATCHING.TAB_ORDER_REQUIREMENT (ORDER_ID,EQUIPMENT,MUST,IMPORTANCE) VALUES (5,4,1,6);
INSERT INTO MATCHING.TAB_ORDER_REQUIREMENT (ORDER_ID,EQUIPMENT,MUST,IMPORTANCE) VALUES (5,5,0,9);

REM INSERTING into MATCHING.TAB_EQUIPMENT
SET DEFINE OFF;
INSERT INTO MATCHING.TAB_EQUIPMENT (ID,DESCRIPTION) VALUES (1,'Transport');
INSERT INTO MATCHING.TAB_EQUIPMENT (ID,DESCRIPTION) VALUES (2,'Bed');
INSERT INTO MATCHING.TAB_EQUIPMENT (ID,DESCRIPTION) VALUES (3,'Toilet');
INSERT INTO MATCHING.TAB_EQUIPMENT (ID,DESCRIPTION) VALUES (4,'Clothes');
INSERT INTO MATCHING.TAB_EQUIPMENT (ID,DESCRIPTION) VALUES (5,'Bracket');
INSERT INTO MATCHING.TAB_EQUIPMENT (ID,DESCRIPTION) VALUES (6,'Power (AC100V)');
INSERT INTO MATCHING.TAB_EQUIPMENT (ID,DESCRIPTION) VALUES (7,'Power (AC200V)');
INSERT INTO MATCHING.TAB_EQUIPMENT (ID,DESCRIPTION) VALUES (8,'Power (AC200V 3-Phase)');
INSERT INTO MATCHING.TAB_EQUIPMENT (ID,DESCRIPTION) VALUES (9,'Kitchen');
INSERT INTO MATCHING.TAB_EQUIPMENT (ID,DESCRIPTION) VALUES (10,'Re-Q');

REM INSERTING into MATCHING.TAB_VEHICLE
SET DEFINE OFF;
INSERT INTO MATCHING.TAB_VEHICLE (ID) VALUES (1);
INSERT INTO MATCHING.TAB_VEHICLE (ID) VALUES (2);
INSERT INTO MATCHING.TAB_VEHICLE (ID) VALUES (3);
INSERT INTO MATCHING.TAB_VEHICLE (ID) VALUES (4);
INSERT INTO MATCHING.TAB_VEHICLE (ID) VALUES (5);

REM INSERTING into MATCHING.TAB_VEHICLE_CAPABILITY
SET DEFINE OFF;
INSERT INTO MATCHING.TAB_VEHICLE_CAPABILITY (VEHICLE_ID,EQUIPMENT,DEGREE) VALUES (1,1,1);
INSERT INTO MATCHING.TAB_VEHICLE_CAPABILITY (VEHICLE_ID,EQUIPMENT,DEGREE) VALUES (1,2,1);
INSERT INTO MATCHING.TAB_VEHICLE_CAPABILITY (VEHICLE_ID,EQUIPMENT,DEGREE) VALUES (1,3,1);
INSERT INTO MATCHING.TAB_VEHICLE_CAPABILITY (VEHICLE_ID,EQUIPMENT,DEGREE) VALUES (2,4,1);
INSERT INTO MATCHING.TAB_VEHICLE_CAPABILITY (VEHICLE_ID,EQUIPMENT,DEGREE) VALUES (2,5,1);
INSERT INTO MATCHING.TAB_VEHICLE_CAPABILITY (VEHICLE_ID,EQUIPMENT,DEGREE) VALUES (2,6,1);
INSERT INTO MATCHING.TAB_VEHICLE_CAPABILITY (VEHICLE_ID,EQUIPMENT,DEGREE) VALUES (3,7,1);
INSERT INTO MATCHING.TAB_VEHICLE_CAPABILITY (VEHICLE_ID,EQUIPMENT,DEGREE) VALUES (3,8,1);
INSERT INTO MATCHING.TAB_VEHICLE_CAPABILITY (VEHICLE_ID,EQUIPMENT,DEGREE) VALUES (3,9,1);
INSERT INTO MATCHING.TAB_VEHICLE_CAPABILITY (VEHICLE_ID,EQUIPMENT,DEGREE) VALUES (4,10,1);
INSERT INTO MATCHING.TAB_VEHICLE_CAPABILITY (VEHICLE_ID,EQUIPMENT,DEGREE) VALUES (4,1,1);
INSERT INTO MATCHING.TAB_VEHICLE_CAPABILITY (VEHICLE_ID,EQUIPMENT,DEGREE) VALUES (4,2,1);
INSERT INTO MATCHING.TAB_VEHICLE_CAPABILITY (VEHICLE_ID,EQUIPMENT,DEGREE) VALUES (5,3,1);
INSERT INTO MATCHING.TAB_VEHICLE_CAPABILITY (VEHICLE_ID,EQUIPMENT,DEGREE) VALUES (5,4,1);
INSERT INTO MATCHING.TAB_VEHICLE_CAPABILITY (VEHICLE_ID,EQUIPMENT,DEGREE) VALUES (5,5,1);

COMMIT;